{"cameraMode":{"drawMode":0,"name":"Shaded","section":"Shading Mode"},"sceneLighting":true,"audioPlay":false,"sceneViewState":{"m_AlwaysRefresh":true,"showFog":true,"showSkybox":true,"showFlares":true,"showImageEffects":true,"showParticleSystems":true,"showVisualEffectGraphs":true,"m_FxEnabled":true},"in2DMode":false,"pivot":{"x":-2.1947007179260256,"y":1.1915881633758546,"z":-0.006268024444580078},"rotation":{"x":0.15469083189964295,"y":-0.4702068567276001,"z":0.08410678058862686,"w":0.8648138046264648},"size":3.024744749069214,"orthographic":false}