{"cameraMode":{"drawMode":0,"name":"Shaded","section":"Shading Mode"},"sceneLighting":true,"audioPlay":false,"sceneViewState":{"m_AlwaysRefresh":true,"showFog":true,"showSkybox":true,"showFlares":true,"showImageEffects":true,"showParticleSystems":true,"showVisualEffectGraphs":true,"m_FxEnabled":true},"in2DMode":false,"pivot":{"x":1.1760923862457276,"y":1.3273873329162598,"z":2.7695741653442385},"rotation":{"x":-0.22041082382202149,"y":-0.10277614742517472,"z":0.023361295461654664,"w":-0.9697035551071167},"size":7.835277557373047,"orthographic":false}