{"cameraMode":{"drawMode":0,"name":"Shaded","section":"Shading Mode"},"sceneLighting":true,"audioPlay":false,"sceneViewState":{"m_AlwaysRefresh":true,"showFog":true,"showSkybox":true,"showFlares":true,"showImageEffects":true,"showParticleSystems":true,"showVisualEffectGraphs":true,"m_FxEnabled":true},"in2DMode":false,"pivot":{"x":-1.1221530437469483,"y":2.8511431217193605,"z":-4.0997233390808109},"rotation":{"x":0.04147035628557205,"y":0.029372157528996469,"z":-0.0012200442142784596,"w":0.9987154006958008},"size":1.022519588470459,"orthographic":false}