{"cameraMode":{"drawMode":0,"name":"Shaded","section":"Shading Mode"},"sceneLighting":true,"audioPlay":false,"sceneViewState":{"m_AlwaysRefresh":true,"showFog":true,"showSkybox":true,"showFlares":true,"showImageEffects":true,"showParticleSystems":true,"showVisualEffectGraphs":true,"m_FxEnabled":true},"in2DMode":false,"pivot":{"x":0.40690669417381289,"y":0.2873607277870178,"z":0.5497856736183167},"rotation":{"x":0.020996566861867906,"y":-0.013496615923941136,"z":0.00028347282204777,"w":0.9996887445449829},"size":0.07172980904579163,"orthographic":true}