{"cameraMode":{"drawMode":0,"name":"Shaded","section":"Shading Mode"},"sceneLighting":true,"audioPlay":false,"sceneViewState":{"m_AlwaysRefresh":true,"showFog":true,"showSkybox":true,"showFlares":true,"showImageEffects":true,"showParticleSystems":true,"showVisualEffectGraphs":true,"m_FxEnabled":true},"in2DMode":false,"pivot":{"x":10.215933799743653,"y":7.474605083465576,"z":9.825398445129395},"rotation":{"x":-0.2623203992843628,"y":0.10340297967195511,"z":-0.028283338993787767,"w":-0.9590156674385071},"size":7.835277557373047,"orthographic":false}