{"cameraMode":{"drawMode":0,"name":"Shaded","section":"Shading Mode"},"sceneLighting":true,"audioPlay":false,"sceneViewState":{"m_AlwaysRefresh":true,"showFog":true,"showSkybox":true,"showFlares":true,"showImageEffects":true,"showParticleSystems":true,"showVisualEffectGraphs":true,"m_FxEnabled":true},"in2DMode":false,"pivot":{"x":1.561971664428711,"y":10.54501724243164,"z":-1.5802171230316163},"rotation":{"x":0.18978087604045869,"y":0.23026978969573975,"z":-0.04583964869379997,"w":0.9533427357673645},"size":15.693342208862305,"orthographic":true}