{"cameraMode":{"drawMode":0,"name":"Shaded","section":"Shading Mode"},"sceneLighting":true,"audioPlay":false,"sceneViewState":{"m_AlwaysRefresh":true,"showFog":true,"showSkybox":true,"showFlares":true,"showImageEffects":true,"showParticleSystems":true,"showVisualEffectGraphs":true,"m_FxEnabled":true},"in2DMode":false,"pivot":{"x":2.3624625205993654,"y":1.7399147748947144,"z":-2.6026787757873537},"rotation":{"x":-0.143585667014122,"y":0.017313620075583459,"z":-0.002557574538514018,"w":-0.9895783066749573},"size":0.8660253882408142,"orthographic":false}