{"cameraMode":{"drawMode":0,"name":"Shaded","section":"Shading Mode"},"sceneLighting":true,"audioPlay":false,"sceneViewState":{"m_AlwaysRefresh":true,"showFog":true,"showSkybox":true,"showFlares":true,"showImageEffects":true,"showParticleSystems":true,"showVisualEffectGraphs":true,"m_FxEnabled":true},"in2DMode":false,"pivot":{"x":2.757516384124756,"y":-1.8028736114501954,"z":15.7149658203125},"rotation":{"x":0.1145085021853447,"y":0.06402904540300369,"z":-0.007399474736303091,"w":0.9913343191146851},"size":10.809651374816895,"orthographic":false}