{"cameraMode":{"drawMode":0,"name":"Shaded","section":"Shading Mode"},"sceneLighting":true,"audioPlay":false,"sceneViewState":{"m_AlwaysRefresh":true,"showFog":true,"showSkybox":true,"showFlares":true,"showImageEffects":true,"showParticleSystems":true,"showVisualEffectGraphs":true,"m_FxEnabled":true},"in2DMode":false,"pivot":{"x":239.50778198242188,"y":240.414794921875,"z":147.28619384765626},"rotation":{"x":-0.029922926798462869,"y":-0.06950592994689942,"z":0.0020866224076598884,"w":-0.9971327185630798},"size":359.8251037597656,"orthographic":false}