{"cameraMode":{"drawMode":0,"name":"Shaded","section":"Shading Mode"},"sceneLighting":true,"audioPlay":false,"sceneViewState":{"m_AlwaysRefresh":true,"showFog":true,"showSkybox":true,"showFlares":true,"showImageEffects":true,"showParticleSystems":true,"showVisualEffectGraphs":true,"m_FxEnabled":true},"in2DMode":false,"pivot":{"x":196.8031005859375,"y":219.7113037109375,"z":-179.38827514648438},"rotation":{"x":0.02205594815313816,"y":-0.1972489207983017,"z":0.004438874777406454,"w":0.9800960421562195},"size":1.022519588470459,"orthographic":false}